"","x"
"1","Anna Loomis"
"2","Spartans for Science and Policy"
"3","Megan Damico"
"4","Ashley"
"5","Deanna Granato"
"6","dacğŸ§¬"
"7","claire"
"8","KBB-8"
"9","UNC Greensboro Graduate School"
"10","UNCG Research"
"11","amaya"
"12","melina ğŸ€"
"13","UNCG"
"14","Kayla CampbellğŸ’•"
"15","jğŸ’›"
"16","UNCG Women's Soccer"
"17","TheGreensboroReview"
"18","MercerBearsVB"
"19","S. Alexa McDorman"
"20","Anna Baker Smith"
"21","Greensboro Coliseum Complex"
"22","UNCG Your First Year"
"23","Dr. Jessie Stern"
"24","HagenMinja"
"25","AML Moving and Cleaning"
"26","SUPA â“¥"
"27","Coach Clai"
"28","UNCG Registrar"
"29","Downtown GreenwayGSO"
"30","Academic Homework/Assignment/Exams and Essays"
"31","MitraClip Bot"
"32","Bob Mulkey"
"33","Victoria Essay/Assignment"
"34","Charles Warren"
"35","Keyford Langley"
"36","* Essay, Assignment, Homework, #Onlineclasses'"
"37","UNCG Basketball"
"38","UNCG Students First"
"39","keenan"
"40","John Z. Kiss"
"41","UNC Greensboro Informatics and Analytics"
"42","Tanya Roth (she/her)"
"43","UNCG Engagement"
"44","Maarten A Immink"
"45","Madison Gilhool"
"46","Nur Sobers-Khan, PhD"
"47","Dr. Sally Koerner"
"48","Caira Jane"
"49","Hannah Grannemann"
"50","Caitlin Legacki ğŸ¤¦ğŸ¼â€â™€ï¸"
"51","Chancellor Gilliam"
"52","Kirsten H"
"53","UNC Greensboro WeatherSTEM"
"54","Jim Coleman"
"55","Terry L. Kennedy"
"56","Katherine Hirsch"
"57","Essay WriterğŸ‘¨â€ğŸ“ğŸ‘Œ"
"58","KYLA ESSAY & ONLINE CLASSES CENTRE.#ESSAYPAY#ESSAY"
"59","James DeMarco"
"60","Oliver Vicars-Harris"
"61","Mr Leyshon"
"62","Christine Murray"
"63","Hassan Barzani , M.A., M.S."
"64","Christopher Aiken"
"65","Leonard Mansfield"
"66","Sophie"
"67","Stella Resko, MSW, Ph.D."
"68","NASPSPA"
"69","NCHoopsReport"
"70","Freelancer Bell"
"71","Joe, A Wofford Fan"
"72","Chloe"
"73","The Neighborhood Creative"
"74","LotusThree LLC"
"75","Alexis Demarco"
"76","Quincy"
"77","ACADEMIC PRODIGY(#Essaypay #Essayhelp #Assignment)"
"78","@"
"79","John Parker"
"80","Rob from Chester, Pa"
"81","Due ğŸ‘¨ğŸ¼â€ğŸ“ Assignments/ESSAYS Help"
"82","Comeh Emuobor"
"83","ChowanEsports"
"84","Powerhouse Nation Sports"
"85","The Truth"
"86","#ColtenGauthier4QB1"
"87","Stellar Hoops ğŸ¢"
"88","chiaraformichi"
"89","Kevin Jenkins"
"90","Amari"
"91","SoCon Championships"
"92","Andrea Cassell"
"93","Carrie Turner"
"94","Sandlapper Spike"
"95","Sidelines Sports Network"
"96","clintonessay"
"97","DJC"
"98","Kris"
"99","ACADEMIC WRITER"
"100","Bryan McLean"
"101","Malin Pinsky"
"102","Will Queen"
"103","tamia"
"104","UNCG-CHCS"
"105","Kimberly Osborne"
"106","Callie Chappell"
"107","News & Record"
"108","Julie Irene Bost"
"109","Nate Humphrey"
"110","CNNC"
"111","Aiyanna Assignment/Essays"
"112","Navanti_miyah Essays/Assignment"
"113","Tim Scott"
"114","UNCG Staff Senate"
"115","Chan ğŸ¥€ğŸ§¸"
"116","UNCG Volleyball"
"117","Don. B"
"118","Essaypro_tutor"
"119","Sabel Moffett Sabin"
"120","Mike Jones"
"121","Waiyi Tse"
"122","Akira Terui"
"123","__Jonathan__â€¢_â€¢"
"124","$WI$H ğŸ”Œ"
"125","UNCG News"
"126","UNCG School of Music"
"127","Maryanne Kilgore"
"128","ğ•‹ğ•’ğ•ğ•ğ•ª ğ•Š. ğ”¾ğ•£ğ•¦ğ•–ğ•£"
"129","UNCG Promotions"
"130","UNFPA Eswatini"
"131","p-creed"
"132","DJ DREW ğŸ‡³ğŸ‡¬"
"133","Eswatini Observer"
"134","UNEswatini"
"135","Mr. Put It On Cxzy ğŸ‘â€ğŸ—¨ğŸ¥¶"
"136","Ashton Cannon âœŒï¸"
"137","UNCG SoftballParents"
"138","Mimi Alcocer"
"139","ğŸ•·"
"140","Certified Essay Girl!"
"141","#JuiceKrew"
"142","SIGMA ALPHA IOTA"
"143","Big Gangster Kelz ğŸ’¯ğŸ’°ğŸ¤©"
"144","HighTimes87"
"145","#YouShouldHaveShoppedWitKelzğŸ˜¤ğŸ˜¤ğŸ˜¤ğŸ˜¤ğŸ˜¤ğŸ˜¤ğŸ’¨ğŸ’¨ğŸ’¨ğŸ’¨"
"146","UNCG Alumni"
"147","Samford Volleyball"
"148","John-David R Rocha"
"149","Rachel Vannette"
"150","ğ“ğ“²ğ“¼ğ“±ğ“ª âœ’ï¸"
"151","Greensboro Library"
"152","Tadashi Fukami"
"153","Dr. Kathryn Hosbein"
"154","UNCGNursing"
"155","UNCG Sustainability"
"156","Megan The Writer"
"157","Sophie Paper/Essay"
"158","Rob Lynch"
"159","CatamountSportsForum"
"160","Kristin Johnson"
"161","UNCG ITS"
"162","UNCG Softball"
"163","charis ğŸ§¸"
"164","CARS Dept. UNCG"
"165","Robert abides..."
"166","MFA Greensboro"
"167","SMOKERZ PARADISE â›½ï¸ğŸ“²"
"168","A $ HğŸ¦‹"
"169","UNCG English Department"
"170","Brandon Boyer"
"171","c."
"172","K.E. Flann"
"173","Zakharchenko"
"174","gordon gillespie"
"175","AACN"
"176","Elizabeth Perrill"
"177","@ProtestMusica"
"178","mindy pursey"
"179","HNAC"
"180","WGSS at UNCG"
"181","UNCG Doctor of Nursing Practice (DNP) Program"
"182","bella"
"183","Riley Terry"
"184","Regan Ward"
"185","Western Carolina Soccer"
"186","Jason Coupet"
"187","Western Carolina Athletics"
"188","UNCG Libraries"
"189","CCSD Title I HOPE"
"190","ItGIRLğŸ’"
"191","marypapers WHATSAPP :+1(410)914-7043"
"192","UNCG College of Arts & Sciences"
"193","UNCG Archives"
"194","nyia ğŸ˜š"
"195","NC Nurses Association"
"196","Amanda Ferguson"
"197","EPSILON THE DON"
"198","Ward Clayton"
"199","Annette Ponnock, PhD"
"200","UH Center For Mexican American Studies"
"201","CğŸ‘‘"
"202","Paulette Vincent-Ruz, Ph.D."
"203","Ken Wissoker"
"204","â˜¿"
"205","Tasha The Writer"
"206","DğŸ…°ï¸ Real â­•ï¸GğŸŒ¹ğŸŒ¹"
"207","mahni."
"208","UNCG Student Affairs"
"209","Duke University Press"
"210","Professor Sally Hunnicutt"
"211","UNCG Athletics Compliance"
"212","Jimmy Perry"
"213","L A V I $ H T H E E M I L F ğŸ‘©ğŸ¼â€ğŸ¦²"
"214","APPAM"
"215","Carmencitadelr"
"216","Clyde Bristow III"
"217","LOLOğŸ’™"
"218","Lo"
"219","Carolyn Barnes"
"220","Josh Frost"
"221","Jenni Owen"
"222","UNCG_finlit"
"223","NCHE"
"224","Derek Skillings"
"225","Born God"
"226","KION"
"227","Collegiate Sports Advocate (CSA)"
"228","James Bell"
"229","Malcolm Schug"
"230","SHAFR Historians"
"231","efna"
"232","How-weird"
"233","Carole Dabney-Smith"
"234","Catelynn writer"
"235","ğ•¿ğ–—ğ–ğ–ˆğ–ğ–†â™¥ï¸"
"236","dymğŸ’‹"
"237","Roger Moore"
"238","Excellent Quality Gradners"
"239","peyton ğŸŒ¿"
"240","J.Muhammad"
"241","Ohana Kennedy  ğŸ’¦ğŸ«âœ¨ğŸ’•"
"242","ESSAYS. HOMEWORK. ASSIGNMENTS. CLASSES. HELP"
"243","INTEL WRITERS PRO"
"244","Symon Balbin"
"245","Axel Langner"
"246","David Gonzalez"
"247","Kaci Greene"
"248","BriğŸ¤"
"249","BodyGoals Beauty Lounge"
"250","Reinhard_"
"251","SoConJohn22"
"252","NC Literary Map"
"253","Coach Hop"
"254","Alexandra Berl"
"255","Carolina Azevedo ğŸ‡ºğŸ‡³"
"256","Bradley Rudisill"
"257","TBS Baseball"
"258","A. Miller"
"259","Jesse Ford, Ph.D."
"260","Whitney Frierson"
"261","Dr. Mary Beth Anzovino (she/her)"
"262","UNCG WBB"
"263","Sherine Obare"
"264","Memphis ğŸ•Š"
"265","Laurie Kennedy-Malone"
"266","Steph (she/her)"
"267","Chem + Biochem UNCG"
"268","NayruFarron"
"269","papikayy"
"270","Greg Vlazny"
"271","Bryant Kinney"
"272","Perry Safran"
"273","Amaya Symone ğŸ¦‚"
"274","nailedbyseni"
"275","NCSLMA"
"276","Salem R. Metzger, PhD"
"277","Jenee"
"278","Dexxie_Dexxy"
"279","Mike Windish"
"280","Kobe Langley"
"281","Aimee M."
"282","Gabrielle Samuels"
"283","Amy"
"284","Amber RedmondğŸ’ªğŸ½"
"285","Sara L. Johnson"
"286","Trina Patterson"
"287","444ğŸŒ™âœ¨"
"288","Black Student Union"
"289","prudentwriter"
"290","ğŸ–¤"
"291","UNCG Athletics"
"292","StainsLab CER"
"293","UNCGXC"
"294","UNCG Military-Affiliated Services"
"295","meisje"
"296","Melissa Hills"
"297","tonyasmithjackson"
"298","Laura Stirchak, Ph.D."
"299","Dosi Jonas"
"300","Maryanna Navarro"
"301","Nikita Burrows"
"302","Colby Dunaway"
"303","Dom Sirianni, PhD"
"304","Jason A. Parsons"
"305","HigherEdWorks"
"306","."
"307","THUGGARONIğŸ’¸ğŸºğŸš¬"
"308","FLOCK INC."
"309","Becker Research Group"
"310","Leah J Scharlott"
"311","Shy ğŸ§¡"
"312","Jack Lange"
"313","Cwalkerâ˜˜ï¸â˜˜ï¸â˜˜ï¸"
"314","Danielle Maxwell"
"315","Emily L. Atieh ğŸ§ªğŸ§¬"
"316","Michael Coll"
"317","UNC Greensboro School of Education"
"318","UNCGFacultySenate"
"319","Dr. Auntie Tâ€™Croppa"
"320","quincey."
"321","UNCG Dining"
"322","Brandon Yik"
"323","Zack Budzik"
"324","Samantha Kristufek"
"325","Deborwah Faulk, PhD"
"326","Always has something to say..."
"327","Regis Komperda"
"328","Brianna Santangelo"
"329","Carmen PerryğŸ‘±ğŸ½â€â™€ï¸ğŸ¥°"
"330","Vanessa Rosa Ralph, Ph.D."
"331","Jesika Moore"
"332","UNCG's Dept of Religious Studies"
"333","ShethedreamchaserğŸ¦‹"
"334","RPI Update"
"335","Grandover Resort"
"336","LA"
"337","ğŸ‡¨ğŸ‡¦ Melissa R Knive ğŸ‡¨ğŸ‡¦ ğŸ–Œ Clearwater Press ğŸ–Œ"
"338","Tim McCaskey"
"339","Dr Norman Fry ğŸ’™"
"340","Eric Jarman"
"341","Daryl ShorterğŸŒ¹"
"342","Dr. Jessica Karch"
"343","Ethan McKay"
"344","UNCG Baseball"
"345","Huei ğŸŒŸ"
"346","Nick Young"
"347","Jeff Raker"
"348","Lu Shi"
"349","Kerston Parker"
"350","Bill I'm VACINATED! Kelly"
"351","Dr. Esther LindstrÃ¶m"
"352","Dr Claudia Antolini ğŸŒŒğŸš€#BLM she/her ğŸ¯"
"353","Sam Grundman"
"354","David Wight"
"355","Justin Pratt"
"356","Tamera Jones"
"357","Aja"
"358","jenni ğŸ¤ "
"359","RobesonCC"
"360","Ù…Ø­Ù…Ø¯ Ø§Ù„Ù…Ø¹Ø´ÙŠ"
"361","Flying_Trader âœˆâœˆâœˆ"
"362","Michael Barnes"
"363","Danielle Swick"
"364","UNCGSWK"
"365","SSN - College Basketball"
"366","1KNahzzy"
"367","Chatham Co Schools"
"368","dad"
"369","Dr. ObeeğŸ‘¨ğŸ¾â€ğŸ¦¯"
"370","ben"
"371","Wilson Library, UNC Chapel Hill"
"372","WFMY News 2"
"373","Sarah Sellers"
"374","Brett Gilbert"
"375","Dusky Literati"
"376","Cole Spivey"
"377","Amanda Jones: Defender of Wonder"
"378","UNCG TeacherEd/HigherEd"
"379","Lexi Hoopman"
"380","Devtplan Consult Limited"
"381","Dr. Heather Moorefield-Lang"
"382","Elaine L Westbrooks"
"383","1ï¸âƒ£1ï¸âƒ£ğŸƒJoneÎ£ğŸ‡§ğŸ‡§WayğŸ¦‚1ï¸âƒ£1ï¸âƒ£"
"384","MainTain9"
"385","UNC Library"
"386","GSA at UNCG"
"387","Ellucian Inc."
"388","John Chapman"
"389","Anthony D. Jackson"
"390","Zaquan Campbell"
"391","UNCG Police"
"392","Brian Hall"
"393","mr. gus"
"394","TR Mclaughlin"
"395","Zayda ğŸ“¸"
"396","MemberBlasts (they/them) - CELEBRATING A BIRTHDAY"
"397","jamie l. schissel"
"398","Lea Leininger"
"399","Emily Flynn"
"400","William Kwapil"
"401","James Tate Hill"
"402","The Aggie Pride"
"403","jayğŸ¦‹"
"404","Eric Willie"
"405","Brilliance Academics Center"
"406","ğŸŒ»Lo"
"407","Kerri Richardson"
"408","Victoria Cox (she/her)"
"409","JMArts"
"410","Ruth McKenney"
"411","Key-Lee"
"412","UNCG Writing Center"
"413","Calvin Muhammad"
"414","DynamicWriters Essays, Assignments, HW, Research."
"415","Cindy Sturdivant, NBCT"
"416","Kevin's Essay & Assignment Help."
"417","maris"
"418","Alex"
"419","Crystal Steele Joyce ğŸ‘“ğŸ“šğŸ’»ğŸ’›ğŸ–¤ğŸŒ (she, her, hers)"
"420","Killa ğŸ¤˜ğŸ¾"
"421","Ahmad Abdullah"
"422","ComedyNews.Org"
"423","nija."
"424","7th Arahant"
"425","Community Foundation of Greater Greensboro, Inc."
"426","Sergio MartÃ­n AcuÃ±a, LAT, ATC, PES, CES"
"427","Gate City Signs & Graphics"
"428","Southern Conference"
"429","Edward W. Baptist"
"430","Eden Bloss"
"431","PreventionStrategies"
"432","Child of GOD"
"433","Kathi Lloyd"
"434","lil fishermanğŸ¦"
"435","Renee Cunningham"
"436","æ¯•ä¸šè¯#æˆç»©å•"
"437","UNCG Success"
"438","Delma Ramos, Ph.D."
"439","Jackie Smith Carson"
"440","Harris Family of 6"
"441","Esports Jobs"
"442","David Wyrick"
"443","Bee Scott"
"444","IONTOP"
"445","Strong Ties are Blue"
"446","Excellent Writers"
"447","Cy"
"448","Adarrell Xavier Gadsden"
"449","Petra"
"450","Fadwa AbedRabou Baroud"
"451","T-Ballinâ€™"
"452","deanshaw"
"453","Milo Camacho"
"454","J Kenyatta Cavil"
"455","lil_anna ğŸ¦‹âœ¨"
"456","Fernando"
"457","RIP fredo, still sippin"
"458","MATHEMATICS ONLINE CLASS AND ASSIGNMENTS HELP"
"459","Open Thoughts With Lex"
"460","UNCG PHI"
"461","Apollo"
"462","Jada Brigman"
"463","Nailah Essay/ assignments"
"464","Dmv_airpods_"
"465","meepboobeep"
"466","UNCGHoops.com"
"467","CarlG@theG"
"468","ã€½ï¸ike"
"469","JackieJayâœ¨ğŸŒ¹"
"470","Marlene Navor"
"471","broomã²"
"472","Amy Lynn Holcomb"
"473","Ãine NÃ­ Donnghaile âš¾â˜˜ğŸŒ³ğŸƒğŸ‡ºğŸ‡¸ğŸ‡®ğŸ‡ªğŸ·â˜•ğŸ’‰ğŸ’‰ğŸ’‰ğŸ˜· ğŸ‡«ğŸ‡·"
"474","The Fuzzy Lobster"
"475","Chris Rich"
"476","Discover-tech"
"477","Asha Evans ğŸ‘©ğŸ½â€ğŸ’»"
"478","UNCG Men's Soccer"
"479","Certified â¶â‚†â· Boy ğŸ¤°ğŸ¾"
"480","UNCG Women's Golf"
"481","virginiamom"
"482","Lindy Suiter"
"483","Jim Heath"
"484","Nancy"
"485","Amelia Papers/EssaysğŸ¦‹ğŸ’™"
"486","Bri"
"487","Radar Poetry"
"488","UNCG Applied SEP"
"489","J Butler"
"490","D.J. Pileggi"
"491","Cris Damasceno, Ph.D"
"492","Jen Farrell, PhD, LCSW, CMPC"
"493","BELIEVE ğŸ‘Œ"
"494","Joseph Math"
"495","Chris Todd"
"496","robert (let's go brandon)"
"497","Action Greensboro"
"498","Maxwell Smart"
"499","RetwistwithChris"
"500","k."
"501","Duwan Williams"
"502","ellehcyarâœ¨"
"503","ï¡‚á¦"
"504","Karess Entertainment"
"505","SFC B."
"506","The Bald Eagle"
"507","Luke Sasser"
"508","Academic Homework/Assignment"
"509","Symone Williams"
"510","Warren Mitchell"
"511","Scott Hall"
"512","Marshall Athletics"
"513","HerdWGolf"
"514","Zack Adams"
"515","Ricky Sanders"
"516","EXECUTIVE ACADEMIC HUB!"
"517","Hero Fincorp"
"518","Craig Turner"
"519","JSNN-Nano Greensboro"
"520","molly yingling"
"521","Mario claytor"
"522","Kate essays"
"523","Virginiaâ¤ï¸"
"524","Samantha Harlow"
"525","Q....."
"526","Greg tallent"
"527","crisco."
"528","Jess Pres"
"529","Ed4Career"
"530","Kam ğŸ˜"
"531","Î›Î§Î‘ UNCG"
"532","Momoratti11"
"533","The Juice ğŸ¥¤"
"534","DG ğŸ‡¨ğŸ‡» /ğŸ»â¬‡ï¸ /ğŸ”ğŸ¤™ğŸ¿"
"535","Ariana The Writer"
"536","Jennifer"
"537","Josh Gattis"
"538","Duncan Powell"
"539","Matt Vaughn"
"540","faith"
"541","Open House Tweets"
"542","JoelLeeUNCG"
"543","Gene Pressinger"
"544","Heads Up Recruiting"
"545","Ronald Malfi"
"546","Jim Noble"
"547","Tristan Freeman"
"548","Terrence Oglesby"
"549","KAYYBANDZ"
"550","Selena"
"551","The Uproar at Columbus State University"
"552","Justin â™›"
"553","NC A&T Menâ€™s Basketball"
"554","Jefe Mills"
"555","Kendra"
"556","TAWANDA MATANDA âš™ï¸ğŸ”¨ğŸ“‹"
"557","Claire Denson"
"558","Porter House Review"
"559","Kori ğŸ¤"
"560","Longwood Men's Soccer"
"561","UNCG HHS"
"562","Curtis Tarver"
"563","M â™›"
"564","yasmine"
"565","ğŸ“¿âœ¨ğŸ”®Lovely The Jeweler ğŸ”®âœ¨ğŸ“¿"
"566","Ms.2Fine ğŸ˜"
"567","Dana Al-Othman"
"568","IOM Kuwait"
"569","Honey Brown"
"570","ThÃ©o Collomb"
"571","UNIC Beirut"
"572","United Nations in the State of Kuwait ğŸ‡°ğŸ‡¼"
"573","BrianağŸ˜˜â¤ï¸"
"574","Autumn Matthews"
"575","Asheville Women's Basketball"
"576","4PF Mylzâš¡ï¸"
"577","CentralVABaseballScout"
"578","John Newsom"
"579","David P. Hunt"
"580","Kevodapharmacist"
"581","NC_SchoolChoice"
"582","Patricia Patterson"
"583","Kelsie"
"584","Jermel Lilly"
"585","Billy Godwin Baseball Camps"
"586","AJâ€™SWEETS, LLC ğŸ˜‹ğŸªğŸ°ğŸ§ğŸƒ"
"587","Lloyd Whittington"
"588","STEEVO ğŸŒ¹"
"589","Chassidy Nicole"
"590","UNCG Political Science"
"591","Diversity Tweets"
"592","Jaime A. Botet RodrÃ­guez"
"593","Singing Bird"
"594","Austin D. Gray, Ph.D."
"595","ğ™´ â™ï¸"
"596","LaurynğŸ§Ÿâ€â™€ï¸"
"597","EdNC_Rural"
"598","TWAN a Certified Batman Villain Boy"
"599","The League Commissioner"
"600","kristina"
"601","Myles-Spike Webby"
"602","Michelle Rathman #LeadershipMatters"
"603","brown ting"
"604","Angela Naomi"
"605","BAPTIST"
"606","coursework help"
"607","ğŸ¦‚"
"608","judith the academic tramp"
"609","East-West Center"
"610","NiğŸ¦‹"
"611","alexisjordan"
"612","hurricane"
"613","#EssayWriting #HW #Class #Assignment #Acc. #Stats"
"614","Garrett Kelly"
"615","Yvonne"
"616","ğŸ€ğŸŸ£ğŸŸ¡ğŸ˜ˆREVENGE SZNğŸ˜ˆğŸŸ¡ğŸŸ£ğŸ€"
"617","Maynetayn"
"618","ASSIGNMENT/ESSAY HELP"
"619","B-raxxxxâ„ï¸"
"620","EVOLUTIONğŸ¨ğŸ…ğŸ–¼ğŸŒ"
"621","casinopmusic"
"622","Mozart Jones"
"623","Casino"
"624","ğ‘´ğ’‚ğ’“ğ’Œğ’†ğ’‚ğ’‰ âœ¨"
"625","iADX365.com - Home of International Artist Day"
"626","kokoğŸˆ"
"627","kare ğŸ¤"
"628","Ryan Smith"
"629","Jacqueline Kayler DeBrew"
"630","Katie Carpenter"
"631","Anderson Claytonâ˜€ï¸"
"632","Colleen Fairbanks"
"633","FratBoyzCartel"
"634","SoleLife @ Fresno State"
"635","TABsDad"
"636","Cid."
"637","B. Universe"
"638","2 real."
"639","Sarah Woulfin"
"640","Caitlin Scott"
"641","CiğŸ’°"
"642","IGotTheKeis (SpartanStrong1891)"
"643","Cindy_writer"
"644","desirae"
"645","Djecol"
"646","Maybe: Your Favorite Mixologist ğŸ¢"
"647","Joe Santin"
"648","The Apex"
"649","UNCG Online"
"650","Jo brainer"
"651","TheCarolinian"
"652","Susan Allred"
"653","Academic Pro"
"654","SamyağŸ¥¶"
"655","Steve Johnson, Ph.D."
"656","John White"
"657","SalemMadeDre"
"658","Athletes Lab"
"659","Tutor Stanley"
"660","Dr. Jaimee 'the professor' Watts-Isley"
"661","Boone Herman"
"662","GUINEE TAGS"
"663","Makenna Matthijs"
"664","JB"
"665","Allured MinksğŸ¦‹"
"666","Gabby"
"667","Jay Shelat"
"668","Tobias Wilson-Bates (but spooky)"
"669","Lori Denberg"
"670","UNCG Public Health"
"671","Sophie ğŸ’"
"672","Writer Maria"
"673","Weekly Humorist"
"674","Mary Essays"
"675","MaddyğŸ§˜ğŸ½â€â™€ï¸"
"676","UNCLE DJ."
"677","Rachael Winfree"
"678","Mary Louise Penaz: Food Poetry Justice Books"
"679","Cam 5ï¸âƒ£"
"680","Emmett Gbarbea"
"681","JBHE Employment Zone"
"682","UNCG Music Library"
"683","diceğŸ˜š"
"684","mir da wizardğŸ§™ğŸ¾â€â™‚ï¸"
"685","official Biggboy Hitta"
"686","robert skinner"
"687","Robert Matthew Felts"
"688","JM Ulimwengu"
"689","T âŠ"
"690","WVHP UNCG"
"691","INTERLINK International Institutes"
"692","Shay ğŸ’—"
"693","bee ğŸ"
"694","Lady Ace"
"695","Celia R Hooper"
"696","Reward Writers rewardwriters@gmail.com"
"697","Toni"
"698","raebandsğŸ’°"
"699","Marco Segone"
"700","UNFPA Evaluation Office"
"701","Margfazo 4ï¸âƒ£"
"702","Deuce"
"703","alexğŸ§¡"
"704","nyssağŸ¤"
"705","Quijoun â€œQâ€ Gordon"
"706","Si âœŠğŸ¾ğŸ¤™ğŸ¾ğŸ‡µğŸ‡¦"
"707","Brandon James"
"708","Kevon Angry"
"709","Gibert Lab"
"710","cyrus zuell"
"711","MIKAYLA Assignmenthelpâœï¸"
"712","Reeka_krğŸ˜»ğŸŒºğŸ¦‹"
"713","Matt Moore"
"714","ky"
"715","jax"
"716","PSIVS"
"717","JadağŸ’“"
"718","âœ¨â™¦â™¥â™ â™£Gemini_Rudinn_Art_Officialâ™£â™ â™¥â™¦ğŸ"
"719","Jess writer"
"720","Keirra Papers"
"721","MÃ¼vÃ¡BrÃ¡x â™ï¸"
"722","Jay Moâš¡ï¸"
"723","Dara DiGiovanni"
"724","B A M A ã²"
"725","Hayley Liebenow"
"726","Daniel Knight"
"727","saniyyağŸ›¸"
"728","Brianna Essays/Research Papers"
"729","Nicholas Orr"
"730","Perry Voncanon"
"731","Chris Stewart"
"732","JUCO Football Frenzy"
"733","Jody Smith"
"734","Teddy Carpenter"
"735","RJâ›½ï¸ğŸ›´"
"736","Natalie Strange"
"737","Caleb Tillman"
"738","Lefler McManus"
"739","ArleneC"
"740","Nick Lyerly"
"741","UNCG Men's Golf"
"742","(new account)"
"743","Vonetta Breckenridge"
"744","DJ Lost Prxphet"
"745","Billy Conaway Jr."
"746","Stephany Wade"
"747","Best online experts"
"748","UNCG CVRC"
"749","Wendy ğŸ’•essay expert ğŸ’¯"
"750","Natia Assignment /Essays"
"751","shanti Essays / AssignmentsğŸ“–ğŸ–‹"
"752",".."
"753","Jeremiah Crawford"
"754","Brayden Bryant"
"755","Sydney from Philly"
"756","USA Prime Mid-Atlantic"
"757","EJ ğŸ’§"
"758","Zach Mills"
"759","Abolish the police."
"760","UTRGV â¿áµ’áµ—"
"761","Malik Berry"
"762","My Assignment Expert"
"763","Morgan Doucette"
"764","JKâ„¢"
"765","Marquise (DouceâœŒğŸ¿)Doucette"
"766","Moshi Rodgers"
"767","nikki"
"768","Blake Lawson"
"769","KCğŸ§šğŸ¾â€â™€ï¸"
"770","Owen George"
"771","Davis Gore"
"772","Ty"
"773","Kâ€¢Aâ€¢M"
"774","Kenâš¡ï¸ Shop The 525 Hair Collection"
"775","spooky t ğŸƒ"
"776","Sarah Tharpe-Winchell, NBCT, M.Ed, ESOL"
"777","Dave"
"778","Russ Cox"
"779","valentine pursey"
"780","Big G."
"781","ğŸŒ»ğŸ’‹ğŸ³ï¸â€ğŸŒˆ"
"782","gracie timbario"
"783","Sy Creed"
"784","Greg O'Brien"
"785","Jade Bell"
"786","@yourwritersimo"
"787","Sharon Nehls"
"788","Sabrina Rondeau"
"789","Shana Tucker"
"790","Healthy Relationships Initiative"
"791","UNCG Center for Youth, Family, & Community Partner"
"792","Hara"
"793","Ciku Kariuki"
"794","Zana ğŸ¦‹"
"795","James Tate"
"796","Jim Tate"
"797","Marilyn"
"798","Hawkins"
"799","Cone Cougars"
"800","Jonathan White"
"801","kie"
"802","BLACK STAR ğŸ‡¬ğŸ‡­"
"803","Wofford Terriers"
"804","moe"
"805","Brenden Harrison"
"806","familytreegirl"
"807","ETSU Volleyball"
"808","ETSU Athletics"
"809","Jack Maeb"
"810","Big KillağŸ’°ğŸ§œğŸ½â€â™€ï¸â™Šï¸"
"811","AFROTC Det 605"
"812","Melissa Rae"
"813","THE WRITER"
"814","Lunr"
"815","MELISSA L MANUEL"
"816","Fabricio Cavalcante"
"817","UNCG Classics"
"818","BillionÃ«llz"
"819","Olivia ğŸ‘©ğŸ¾â€ğŸ’»ğŸŒ¿"
"820","WAESOL"
"821","Drew Casey"
"822","Drew Reisinger"
"823","Azariah Rafael"
"824","Michelle Kennedy"
"825","Sinoxolo Cesane"
"826","Alyssa Newlon"
"827","autumn ğŸ¦‹"
"828","Appling Sports Talk"
"829","GOAT"
"830","jord â„ï¸"
"831","Brittany Cassidy"
"832","Rita Jennings"
"833","Kate M Reynolds"
"834","DigiLibraryUSSlavery"
"835","angie"
"836","Annabelle Jones M.Ed."
"837","Page High School Athletics"
"838","John Walker, Sounds-Write"
"839","PrisciğŸ’š"
"840","Ø¨ÛŒ Ù‡Ù…Ù‡ Ú†ÛŒØ²"
"841","UNCG SNCAE"
"842","Beâ¤lla"
"843","Jaz ğŸ’™"
"844","ScienceStop"
"845","9.22 ğŸ¦‹"
"846","Pressley ğŸ¤âœ¨ğŸŒ¿"
"847","A ğŸ¦‹"
"848","Columbus State Football"
"849","UNCG STEM TLC"
"850","Amy Adamson"
"851","a bido"
"852","Jasmine DeJesus"
"853","TobiahğŸ¦‹"
"854","Steph Bernabei"
"855","Tim Wise"
"856","Zack"
"857","khalialialia ğŸ¤"
"858","AASL"
"859","ima gemini bitch"
"860","Amy Jamison"
"861","Afghan Evaluation"
"862","IeBaher"
"863","Matt Waldman"
"864","Alison Mercier, PhD"
"865","BIG ZULU ğŸ‡±ğŸ‡·"
"866","PiratesWTEN"
"867","â— â—¯ Hashim Warren"
"868","Nikita Essays/Assignment"
"869","Not Your Average Educator"
"870","heidi carlone"
"871","ci ğŸ§¸"
"872","Squeaky Altman"
"873","HAFTI HIJAB"
"874","Sibero Lab"
"875","Dr. Alejandra Prieto-DavÃ³"
"876","Asela Kalugampitiya"
"877","Asia Pacific Evaluation Association"
"878","GPF for Evaluation"
"879","Dr. Michelle Lampl, PhD MD"
"880","Christine Kiernan Fisher"
"881","b fierless"
"882","Gladis Demarchi ğŸŒ»ğŸŒ»"
"883","World Evaluation Case Competition"
"884","i think it's just funny how..."
"885","EM â™¡"
"886","AfrEA YEE Network"
"887","Omodolapo Somo-Aina"
"888","Mitch Croatt"
"889","Gabriel Keney"
"890","Rorie Still - Author"
"891","Ms. V. Harris"
"892",".phatpurrrr."
"893","Wendy Taylor"
"894","The Adroit Journal"
"895","John Easterling III"
"896","juhâ€¢nighâ¤ï¸"
"897","Anne Ridenhour"
"898","micah ğŸŒ¸"
"899","Brandon Mitchell"
"900","D a d d y."
"901","jay â¤ï¸â€ğŸ”¥"
"902","Levi Myers"
"903","Maqsood"
"904","terry wicks"
"905","Ellie Cornell"
"906","liyah the skinnn baeğŸŒ±"
"907","Nicole B. ğŸ¡"
"908","I got a clothing brand"
"909","Chattanooga Volleyball"
"910","Chattanooga Mocs"
"911","Mrs. Kristin Baker"
"912","Cody Baker"
"913","Lindsey Cook"
"914","FOX8 WGHP"
"915","ETSU Women's Soccer"
"916","Alexis Gomez"
"917","Matt Yelton"
"918","Simon L. Harrisâ„¢"
"919","Jonathan Lang"
"920","Ina Vandebroek"
"921","Jocelyn"
"922","Liliana Pardo"
"923","Roger SchÃ¼rch"
"924","niyah."
"925","Kayla_Assignment_services"
"926","Christy Wyandt"
"927","Mary papers/essays"
"928","Mal"
"929","Maria FrEsch"
"930","lou"
"931","Ms. Smyth"
"932","NWHS DECA"
"933","Retire no 10 and 21 and 1"
"934","Briâ¤ï¸"
"935","Dash City Gaming"
"936","Jennifer Rouse"
"937","Richard_SZN"
"938","Open Reports"
"939","Robert J. Doerksen"
"940","Scott R. Brill"
"941","Caeley Mayo"
"942","scarah ğŸ•¸ğŸ•·ğŸ¥€"
"943","Andy Arnold, CETL"
"944","zarieğŸ¤"
"945","Amy Keller"
"946","PrinceOfGas"
"947","Somebodyâ€™s Son"
"948","Dr. Jaclyn P. Maher"
"949","Kaden HammondğŸ¥¶"
"950","Marco Milanese"
"951","des misses harry"
"952","GSO Police Dept."
"953","Greensboro Youth Community Leaders L.L.C."
"954","Bria"
"955","naeshağŸ§šğŸ¾â€â™€ï¸"
"956","Maria"
"957","Mevers Lab"
"958","ğ¬ğ¤ğ² â˜†"
"959","loadingâ€¦"
"960","Kyn ğŸ§šğŸ½â€â™€ï¸"
"961","NC State Menâ€™s Tennis ğŸºğŸ¾"
"962","Hadi Pourhadi"
"963","ğŸŸ£maykingtea (she/her)"
"964","Justin Outling"
"965","Holly Gaede"
"966","Scott MacIvor"
"967","Liz Bucar"
"968","ğ’¥ğ’¶ğ“ğ‘’ğŸ¥¶"
"969","Carole Mundell"
"970","Stephanie Jobe"
"971","Emilio Pardo"
"972","Everything Blue Origin..."
"973","Gilles Leclerc"
"974","STEFFEN KAPLAN #SpinItSocialHour He/Him/His"
"975","Lukasz Ciesla"
"976","saturnâ€™s girlğŸŒ™"
"977","Scott Jarmusch"
"978","Ryan T. Scott"
"979","Erin Lawrimore"
"980","sara âœ¨"
"981","Sheila Colla, Ph.D"
"982","Emily Rose Britton, PhD (she/her)"
"983","Kasie Raymann"
"984","ms.girlğŸ¥‚"
"985","Dr. Joy Odimegwu"
"986","Naya ğŸ¦‹ğŸ’™"
"987","UNCG LIS"
"988","Paula Kiger (She/Her)"
"989","Brooks Rice"
"990","Dr. Cassandra QuaveğŸŒ¿âš•ï¸"
"991","Rose Horowitz, #WomentoFollow, #SreeShow"
"992","Sarah Burton she/her"
"993","Pha PhağŸ¥µ"
"994","Megan Martin"
"995","Spectrum News 1 RDU"
"996","Spectrum News 1 CLT"
"997","Spectrum News 1 Triad"
"998","Spectrum News 1 ILM"
"999","Spectrum News 1 Mountain Region"
"1000","ETSU SAAC"
"1001","rheaaaağŸ¦¦"
"1002","Kita â¤ï¸"
"1003","Mike Hirschman"
"1004","Reidsville Middle"
"1005","Nancy Doll"
"1006","pootie tang ğŸ•ºğŸ¾"
"1007","monkeybicycle"
"1008","Chekan Lab"
"1009","AmyaSolğŸŒ¬"
"1010","â˜¯ï¸"
"1011","Nira ğŸ’—"
"1012","EnACTeD"
"1013","Duke Men's Tennis"
"1014","Sonja Ardoin, Ph.D."
"1015","Amy Lynn Toth"
"1016","luvr girlğŸ‘©ğŸ½â€â¤ï¸â€ğŸ’‹â€ğŸ‘©ğŸ½"
"1017","Maia Popova, PhD"
"1018","Nadja Cech"
"1019","QEA Middle School Hoops"
"1020","UNCG Financial Aid"
"1021","NCSG Comm Director"
"1022","UNCG Geography, Environment, and Sustainability"
"1023","Josh Merced"
"1024","Kathleen Bettencourt"
"1025","Julian Agyeman"
"1026","Jess Caporaso"
"1027","Yoan Camilo Guzman"
"1028","baitboy&netgirl"
"1029","Dayna Touron"
"1030","JuğŸ¦‹"
"1031","Darsh Davis (DarshD)"
"1032","Lori Waters"
"1033","LISSA at UNCG"
"1034","amrezythewriter"
"1035","Stargazergirl"
"1036","Emma the Space Gardener ğŸŒ±ğŸš€"
"1037","NCSpaceGrant"
"1038","Quality Assignments and Essays plugğŸ“„âœï¸ ğŸ’»"
"1039","HOMEWORK AND ESSAY HELP"
"1040","Dr. Peeples"
"1041","Frida Kahlo 1907 - 1954"
"1042","Alice Blanchard"
"1043","Spaceflash News"
"1044","Kaz Ohashi"
"1045","Entomology_ID"
"1046","Shawan Chowdhury"
"1047","Prof. Jeff Ollerton"
"1048","Christoph GrÃ¼ter"
"1049","Yasent ğŸ‡¹ğŸ‡¬ ğŸ³ï¸â€ğŸŒˆ"
"1050","ğŸ‘» Maya ğŸƒ"
"1051","Tenn Sports World"
"1052","makaIa"
"1053","WALTER ESSAY & ONLINE CLASSES CENTER."
"1054","S Murray"
"1055","Clean Eatz Greensboro"
"1056","Andy Kurtas"
"1057","Caesar"
"1058","Growing Beyond Earthâ“‡"
"1059","Esmaeil Amiri"
"1060","ErbSTEAM"
"1061","JuJu_eldridge"
"1062","Karl Hasenstein"
"1063","Kimberly Castner"
"1064","Authentic essay writers"
"1065","Eâ£ï¸"
"1066","john boles"
"1067","Sflem007"
"1068","Gracie_essays/ Writer/ online tutor"
"1069","Jaime Welte-Finch"
"1070","Alani Jewel"
"1071","kay ğŸ¦„"
"1072","eric tosmooth"
"1073","Stacey Tutors"
"1074","Heather Overstreet"
"1075","HBCUshaderoom"
"1076","Dr. Janet N. Spriggs"
"1077","Phillyphil"
"1078","Kristin Rusboldt"
"1079","CityBoy3008"
"1080",".G"
"1081","Lil BrotherğŸ’™ğŸ¤©"
"1082","jujuğŸ¤."
"1083","RCsquaredLab"
"1084","Yarneccia D. Dyson"
"1085","Menacing Hedge"
"1086","Lauren Essays/Assignments"
"1087","Teshwriter"
"1088","Bishop Sycamore Fan"
"1089","Jadi"
"1090","Gso History Museum"
"1091","Anthony Cozzetto"
"1092","Golf Town"
"1093","J.R. Nance"
"1094","Skylar Thompson Essays"
"1095","UNCG SASS"
"1096","GSODanceFilmFestival"
"1097","Logan Butts"
"1098","Jeremy Adkins"
"1099","Greg Chase"
"1100","jaeğŸ’›"
"1101","ReddğŸ¤"
"1102","Literally Braâ€™OnnağŸ’œ"
"1103","The NCDS"
"1104","SFWP"
"1105","UNCG Theatre"
"1106","September 12 ğŸ‰â™ï¸"
"1107","Weatherspoon UNCG"
"1108","ESSAYS AND ASSIGNMENTS HELP"
"1109","BeckwithJMHS"
"1110","Ian Aitken"
"1111","à¤µà¤¿à¤•à¤¾à¤¸ à¤®à¥‹à¤¹à¤¨ ğŸ‡®ğŸ‡³ #ProActive"
"1112","ChampangeğŸ¥‚MxmiğŸ’‹ğŸ¤‘âœ¨"
"1113","Eric Edmond - ğŸ“¶ Wealthy Webentrepreneur"
"1114","ğŸ¦‹"
"1115","777ğŸŒ»"
"1116","Ppawz"
"1117","GuilfordChildDev"
"1118","J. Mebane"
"1119","Dr. Cathy Akens"
"1120","UNCG Women's Tennis"
"1121","Supreme Writers"
"1122","Ron Johnson"
"1123","Preston Adams"
"1124","Prof. Barbara Masser"
"1125","Freda Gonot-Schoupinsky"
"1126","LRK from ssuğŸ’™"
"1127","ğ€ğ§ğœğğ¬ğ­ğ¨ğ«ğ¬ ğ€ğ¥ğ¢ğ¯ğ!ğŸŒ³ğŸ§¬ğŸ’‰ğŸ˜·"
"1128","Valorie #BlackLivesMatter #NoJusticeNoPeace"
"1129","Alicia, Ph.D.; Oizys acolyte account"
"1130","The BRATTğŸ¤ª"
"1131","beyonceâ€™s burner"
"1132","GirlGotGame"
"1133","Lisa Amir"
"1134","Maryanne Perrin"
"1135","Cierra ğŸ¦‹"
"1136","Bryan Fenley"
"1137","Christina Dion"
"1138","Meg Corner ğŸ“šğŸ’»ğŸ“·ğŸ“°ğŸˆğŸ§"
"1139","Division I SAAC"
"1140","NWS Raleigh"
"1141","Michael Pasquale"
"1142","Alan McCann"
"1143","Joseph Egan"
"1144","RILEY ESCOBAR"
"1145","Cameron Nichols"
"1146","June Nealy"
"1147","Janelle Breneman"
"1148","Alexis Lisenby"
"1149","Mudya koma"
"1150","U.N.I.T.E."
"1151","Melki Russell"
"1152","jazğŸ’"
